LibraryCardID,CardHolderName,IssueDate,ExpiryDate,Address,Email,PhoneNumber
1,Marcus Lambert,2021-10-09,2025-12-04,"106 Stephen Mountains, East Codyside, DE 68685",brendafischer@gmail.com,157.183.4433x8178
2,John Cook,2023-01-21,2027-08-23,"6240 Donna Plains, Alvaradostad, TX 42780",ahayes@taylor.com,718.758.5558x6065
3,Janet Bishop,2023-12-21,2027-06-04,"336 West Mission Suite 386, Christensenside, MS 85986",justinbowman@gmail.com,563.351.6878x295
4,Matthew Arellano,2023-04-29,2026-03-08,"0823 Brian Haven Suite 487, Josehaven, OK 21369",kyle94@cisneros-lopez.org,(869)530-5438
5,Ashley Jennings,2024-10-18,2026-06-18,"65537 Rhodes River Suite 226, Swansonstad, KY 63997",kathrynpeck@campos.com,884.933.3914x4478
6,Maxwell Mcclure,2021-03-05,2027-04-14,"442 Moreno Rapids Apt. 323, East Michaelberg, AR 30555",vhamilton@solomon.biz,001-185-676-7234x333
7,Marvin Swanson,2021-09-22,2026-09-01,"7246 Zachary Parks, South Whitneyfort, NY 81734",leslie86@leach.org,446.849.1571
8,Jennifer Buckley,2024-10-15,2025-12-08,"82081 Baker Union Suite 566, Clinechester, TN 39540",greenechristopher@jenkins-lutz.net,136-542-6657x81178
9,Crystal Cox,2022-11-22,2028-02-03,"Unit 5561 Box 7563, DPO AE 29064",madisonfigueroa@vasquez-mccarthy.org,+1-310-829-1911x50686
10,Meagan Morgan,2022-02-04,2026-11-27,"404 Shepard Station, Port Michelle, MN 72706",fritzglen@mcfarland.org,318.140.2278
11,Lauren Miller,2022-04-13,2028-05-21,"27059 Griffin Vista Apt. 027, East William, HI 81305",xjohnson@gmail.com,001-714-087-8947x622
12,Richard Dickerson,2022-11-23,2027-04-06,"379 Hayes Trace Apt. 280, South Chloestad, MT 02784",xrodriguez@gmail.com,001-557-704-6365x37074
13,James Brown,2024-08-24,2025-11-12,"PSC 6422, Box 8005, APO AA 23169",david74@duncan.com,441.896.7192x8039
14,Patrick Hayes,2023-05-08,2025-11-22,"644 Daniel Ford, South Jeremiah, OR 95181",jzamora@gmail.com,+1-896-290-2970x1909
15,James Jackson,2024-10-08,2028-01-08,"PSC 2356, Box 7146, APO AP 76001",dustin83@ortiz.com,753.856.8424
16,Eric Richardson,2022-09-01,2027-12-18,"03231 Martinez Street, Angelaborough, ME 05127",tsanchez@hotmail.com,133.684.3101
17,Karina Hernandez MD,2022-10-26,2026-12-29,"656 Williams Mission Apt. 081, Fordbury, KS 65447",rgalvan@miller.biz,563.116.2096x93574
18,Kenneth Patton,2022-06-22,2027-08-23,"108 Scott Turnpike, Hallbury, AL 81019",timothyhernandez@hotmail.com,284-318-9977x267
19,Darin White,2024-06-10,2026-02-01,"97328 Henderson Walks Apt. 176, North Vanessaport, LA 67973",rhamilton@hotmail.com,893-254-6516x914
20,Charles Branch,2024-05-11,2027-10-05,"97859 Gonzalez Land, West Savannahhaven, ND 69594",stewartrichard@khan.org,001-260-312-5012x597
21,Peter Parker,2022-01-27,2026-08-06,"50537 Ewing Roads, Davidland, NJ 13936",murphyamy@yahoo.com,402.954.7973
22,Theodore Jordan,2023-09-28,2028-09-04,"8021 Madison Ramp, Taylorbury, MO 82311",dianemcgee@gmail.com,(172)253-0888x932
23,Tony Russell,2022-03-11,2027-12-05,"071 Singleton Stravenue Apt. 568, Port Melissaton, IN 58967",jamesforbes@yahoo.com,896.156.2381x390
24,Jenna Smith,2021-11-22,2026-03-31,"6937 Andrew Lights, South Curtishaven, NM 97033",jermaine15@yahoo.com,381-450-5751x919
25,Dawn Adams,2023-12-12,2028-01-30,"3163 Daisy Centers, Port Jasminmouth, SC 29074",wkim@yahoo.com,481-328-3244
26,Monica Bell,2021-08-03,2027-10-05,"586 Jacob Gardens, Kevinstad, ME 41957",tracyolsen@gmail.com,+1-602-453-4619x44304
27,Debra Smith,2020-11-16,2028-02-24,"USNV Brandt, FPO AP 28578",paul44@yahoo.com,372-270-9437x17070
28,Michael Howard,2022-01-15,2028-08-24,"4872 Baker Brook Apt. 259, Jensenview, WI 83558",cmorgan@yahoo.com,001-024-284-2231x686
29,Ms. Sarah Johnson,2021-10-10,2027-10-18,"780 Carroll Unions, Andrewsview, OK 51323",nataliekidd@yahoo.com,065.657.9209x58151
30,Andrew Peterson,2021-03-09,2028-02-12,"988 Ronnie Square Apt. 662, Lake Steven, MA 17069",charleskelly@gmail.com,(064)663-5605
31,Angela Carr,2022-09-19,2028-02-29,"1341 Shawn Stravenue Apt. 911, East Amandaside, CA 13006",lozanonathan@zuniga-ford.com,483-003-7033
32,Christina Moreno,2023-01-22,2026-11-09,"90916 Kelly Drive, Sherryberg, MD 08564",chris29@thompson.com,255.586.9589x03917
33,Karen Chambers,2022-09-23,2026-11-30,"7525 Michael Mills Suite 074, Martinberg, WV 55204",eclark@hall.com,616.991.5763
34,Ann Nelson,2022-04-18,2028-03-04,"819 Brooks Inlet, Jasonstad, KY 32776",cwatson@williams.biz,463.489.5510
35,James Coffey,2023-12-18,2027-10-16,"395 Debra Lakes Suite 325, Woodchester, ND 36411",william03@brown-thomas.com,(818)450-1099
36,Angel Smith,2023-08-24,2026-08-01,"69031 Nelson Parkways Apt. 251, Wilsonborough, AZ 70832",leslie81@santana.com,872.354.8114x400
37,Patricia Hammond,2024-03-23,2026-09-06,"539 Debra Common Apt. 647, South Hannahfort, LA 90624",taylor67@yahoo.com,269.729.7867x3423
38,Douglas Pruitt,2024-09-17,2026-01-03,"993 Turner Flat, Jacobton, CO 88608",robertcastillo@yahoo.com,0453880957
39,Tyler Soto,2021-02-11,2025-11-08,"0576 Nichols Brooks, New Jamie, LA 68377",hamptonluis@yahoo.com,(166)406-3440x37498
40,Dr. Tiffany Conrad,2021-02-23,2027-09-22,"781 Kenneth Way, Angelmouth, MN 63321",owalls@thompson-conley.org,+1-904-075-2843
41,Robert Ingram,2024-08-21,2028-03-17,"189 Tina Glen Suite 628, Woodtown, MS 29450",zacharywoodward@cervantes.com,(472)302-4806x90118
42,Erica Bennett,2022-09-02,2027-05-16,"4083 Smith Lakes, North Dustinmouth, MT 65565",jason98@hotmail.com,071-942-0178x9929
43,Gregory Gonzalez,2023-12-20,2026-08-07,"22908 David Circles, Hernandezshire, IA 29999",warnerraymond@hotmail.com,436.497.6311
44,Jennifer Grimes,2023-05-10,2028-04-09,"556 Karen Ways, East Gerald, UT 52695",stacey76@luna.info,458.319.8752x83809
45,Claudia Sullivan,2023-04-01,2027-04-05,"64725 Christopher Village, Kimberlystad, MO 80816",ehoffman@gmail.com,275.057.4649
46,Kevin Bradford,2020-12-31,2027-09-30,"213 Kimberly Mount, Lake Tammyville, SC 90095",kaylanguyen@armstrong.net,+1-039-418-6246x500
47,Dorothy Meza,2021-05-31,2025-12-16,"34186 Emily Street, North Tonibury, WV 04582",randybaker@hotmail.com,001-918-493-2013x8437
48,Betty Williams,2022-10-02,2027-10-08,"382 Berry Pine, North Denise, UT 72385",sheajoshua@murphy.biz,001-597-787-2678x734
49,Jessica White,2021-05-12,2025-11-13,"Unit 8941 Box 8664, DPO AP 99466",thomas78@smith.com,(729)845-5227
50,Anna Allen,2024-08-06,2027-09-13,"85837 Miller Skyway, Lake Steven, WY 02339",robert87@gmail.com,810.936.1945
51,Patty Brooks,2023-01-03,2028-04-04,"2758 Amy Stravenue Apt. 143, Morganville, AK 82103",veronica29@hotmail.com,563-682-1529x998
52,Kimberly Hubbard,2024-05-13,2028-07-26,"9691 Lane Ridges Apt. 888, Craigview, PA 31448",mark32@tran.info,001-193-491-8005x912
53,Dr. Robert Oconnell,2022-04-20,2027-01-08,"5226 Smith Ridges Apt. 323, South Emily, CA 71849",gonzalesdaniel@gmail.com,001-527-256-9087
54,Ashley Sharp,2021-01-01,2026-01-29,"0195 Bell Place, North Charles, AK 21820",brianharrington@yahoo.com,965-276-9562x95291
55,Larry Rice,2022-02-25,2027-10-28,"77225 Bennett Harbor Apt. 052, Lake Christinechester, ND 73006",mayerheather@brown.com,001-648-159-2016
56,Roy Mcdowell,2020-12-25,2026-02-27,"USNS Archer, FPO AE 67838",kwilliams@sullivan.com,271.519.7769
57,Jeffrey Smith,2022-07-22,2027-03-02,"USNV Boyer, FPO AA 11325",dwilliams@henry-oneal.com,815.384.5911
58,Brianna Brown,2023-09-02,2026-08-20,"173 Andrew Brooks, Susanview, LA 55905",adrianthompson@gmail.com,(907)626-5469x9680
59,William Wall,2022-10-17,2026-11-08,"8580 Perez Port Apt. 299, New James, SD 03968",woodsbenjamin@miller-oconnor.com,(292)822-9609
60,Julie Smith,2022-01-02,2027-06-06,"758 Long Dale, Johnsonton, AZ 07105",emccoy@torres-aguilar.net,001-030-420-9512x3371
61,Emily Howell,2023-05-18,2028-05-29,"842 Moore Parkway Suite 994, South Paulaview, WA 16131",millerjohn@sutton.com,933-884-6139x99478
62,Thomas Gilbert,2021-06-06,2027-05-11,"658 Petersen Throughway Apt. 618, Richburgh, WY 79437",liucarolyn@williams.info,170-885-2551x63593
63,Charles Williams,2022-01-19,2026-09-23,"USNV Campbell, FPO AE 57325",sanchezpatrick@hotmail.com,+1-960-721-0101
64,Mr. Barry Pearson Jr.,2021-06-28,2028-01-17,"45219 Yoder Circle, West James, NM 06432",dbender@hotmail.com,(337)097-9735
65,Barbara Smith,2021-06-26,2026-02-19,"80748 Green Radial Apt. 501, New Lindseyfurt, AR 78184",tommycruz@jacobs.info,266-555-3863x18855
66,Michael Baker,2024-02-20,2026-10-10,"8286 Jones Spring, Port Stevenhaven, MN 53705",lisa45@hotmail.com,001-429-425-7796x607
67,Matthew Leblanc,2023-08-23,2027-08-26,"707 Williams Ridge Apt. 807, Normanchester, IA 09574",ybrooks@yahoo.com,001-084-113-1052x51605
68,David Gardner,2024-03-27,2027-07-15,"283 Phillips Glens, New Albertmouth, AZ 05666",charles05@fitzgerald.biz,001-089-990-2897
69,Laurie Brown,2023-11-24,2027-08-28,"1157 Garcia Locks, East Brooke, CO 43248",joshuaferguson@harris.info,(984)207-6387
70,Jacqueline Golden,2023-07-10,2028-08-09,"PSC 6851, Box 6105, APO AP 53454",fmaddox@navarro-taylor.net,689.688.4947x438
71,Joseph Gallagher,2021-10-04,2028-06-26,"7240 Allison Knolls Apt. 859, Pachecotown, IN 75506",andersondamon@hotmail.com,028-443-6417x7719
72,Reginald Sanchez,2023-08-22,2028-09-29,"4746 Roy Station, Michelleshire, RI 32630",ydavis@gmail.com,001-781-917-4769x93104
73,Deborah Forbes,2023-07-18,2028-04-22,"5407 Logan Brook Suite 960, Ortegatown, WA 66884",cantucassandra@hotmail.com,(657)273-1486
74,Keith Caldwell,2022-07-22,2027-04-05,"986 Lopez Spring, Port Jenniferborough, NJ 50059",paul09@hotmail.com,+1-551-392-2381
75,Megan Cobb,2022-05-27,2028-01-29,"07314 John Roads Suite 190, Lake William, SC 58671",sharon64@gmail.com,(758)976-1858x644
76,Mitchell James,2021-10-17,2027-05-03,"USS Montes, FPO AA 09260",kurt74@myers-johnson.com,152-816-3044
77,Mrs. Valerie Armstrong,2022-03-02,2028-05-23,"3086 Perez Freeway Suite 556, Hannabury, SD 56650",kyle01@hotmail.com,+1-969-914-3831x62303
78,David Figueroa,2023-09-23,2027-04-09,"58664 Oconnor Ramp Apt. 114, Port Jessica, MI 37232",jay61@wagner.net,098.499.2347
79,Edward Riggs,2022-07-24,2027-09-08,"412 John Grove, New Robinshire, LA 51838",nicolerocha@moore.com,(613)126-2557
80,Wesley Walters,2021-07-19,2026-08-23,"08087 Rhonda Curve, South Lindsayborough, LA 89865",allisonguerrero@yahoo.com,(892)801-0534x280
81,Ian Arnold,2020-12-30,2027-03-22,"4083 Pena Glen Apt. 501, New Elizabeth, SC 34304",kimberly87@hotmail.com,001-956-790-7877x60783
82,Ryan Harper,2022-02-26,2027-04-04,"5236 Duncan Shore, Emmaborough, WV 17419",joseph85@gmail.com,1999763895
83,Tyler Lopez,2022-08-09,2028-02-29,"USNV Sherman, FPO AP 12533",denise32@yahoo.com,341.080.9312
84,Robert Spence,2021-10-02,2028-08-28,"1063 William Mountain, Chasechester, LA 81650",ramirezkevin@martinez.com,(733)901-8551x962
85,Christine White,2021-07-22,2027-05-13,"6599 Michael Loop, Coxside, UT 72451",frederickstephanie@yahoo.com,412-985-6976x3437
86,Michael Pierce,2022-02-03,2027-12-16,"275 Zachary Squares, West Michael, PA 89041",williambullock@gmail.com,412-848-6031
87,Paula Allen,2024-05-28,2027-02-13,"USNS Moreno, FPO AP 93487",pamelagriffin@yahoo.com,934.266.2492
88,Susan Knox,2024-01-15,2026-09-03,"303 Annette Pine Suite 726, Brittanyborough, OK 58322",thomas71@hall.biz,+1-626-760-8799x46352
89,Benjamin Mcclain,2021-01-21,2027-09-19,"188 Morrison Roads Apt. 575, South Kristamouth, KS 29440",clementsdarrell@davis.com,(522)276-5414
90,Matthew Allen,2021-08-05,2027-11-08,"9401 Amanda Stream, Angelaland, IL 46538",terrymelissa@gmail.com,661.298.3782x713
91,Robert Cooper,2020-11-22,2026-05-13,"23277 Dickson Key Apt. 924, Allenland, CA 79587",flynnmelissa@gmail.com,001-706-525-1159x280
92,David Peters,2023-04-21,2028-03-20,"USNV Adams, FPO AP 83971",loganalexander@gmail.com,001-518-325-2552x06077
93,Kimberly Little,2024-04-02,2027-12-04,"01174 Duran Lane Suite 200, New Davidport, OK 40665",justin55@hotmail.com,322-258-5424x93829
94,Brandy Bauer,2024-02-02,2027-12-30,"78868 Dawn Pines Apt. 839, Port Alexandra, IL 60205",dwallace@allen.org,(609)095-7933x639
95,Jordan Lynch,2022-08-08,2028-04-02,"665 Obrien Flat Suite 325, East Nathaniel, WI 98991",samanthaboyd@hotmail.com,258.727.8132x0403
96,Rachel Hall,2023-10-11,2025-12-12,"45356 Owen Wall, Lindseyport, MT 63892",patricksmith@bradley-underwood.com,001-940-493-0679x46981
97,Aaron Foster,2020-12-14,2027-09-27,"204 Sandoval Ferry Apt. 275, East Joseph, ND 83413",craig20@myers.com,001-530-652-5073x99265
98,Katherine Gardner,2022-02-08,2025-12-02,"USNV Torres, FPO AA 86752",qwilson@mitchell.biz,(551)974-3008x68183
99,Tyler Brown,2022-12-04,2026-04-15,"64240 Jacqueline Neck Apt. 761, Montgomeryfort, NH 82136",morsejoe@hotmail.com,(259)379-9477
100,Wendy Serrano,2021-04-07,2027-09-26,"625 Dennis Summit, West Lisa, AL 42953",fernandezmatthew@gmail.com,001-276-033-0550x4241
