WorkerID,Name,Address,Email,PhoneNumber
1,Derek Cameron,"4758 Alex Spring, East Maria, MO 25121",dawn35@gmail.com,989.373.4364
2,Taylor Jones,"96178 Sanders Knoll Apt. 405, Port Linda, NE 91653",angela47@jones-maldonado.com,520.380.5124
3,Deborah Charles,"694 Monica Mission, Ayerschester, NC 93331",jsnow@gmail.com,891-273-2060
4,Dennis Diaz,"6091 Mary Freeway, Lake Garyburgh, AR 17204",carolynstewart@gmail.com,320-281-9131
5,Amanda Dickerson,"PSC 4570, Box 3955, APO AA 85602",lambjohn@stark-garcia.com,836-938-7714
6,Lori Rios,"Unit 3247 Box 2615, DPO AE 36445",gregorygarcia@watkins-lane.com,803.267.3671
7,Jenna Collier,"43310 Carr Mountain Apt. 707, Baldwintown, ME 21071",woodmarie@wilson-torres.biz,085.386.0510
8,Jill Ray,"29100 Hurst Manor Suite 274, Matthewmouth, MO 56524",keith75@smith.info,015.792.9046x503
9,Kari Mack,"2376 Melissa Lane Suite 193, North Kevin, IA 68900",jeffreydavis@calhoun.biz,+1-502-178-0544
10,Christina Miller,"26581 Scott Parkways, South Ian, MI 04300",anna63@hotmail.com,275-833-0318
11,Sandra Davis,"5453 Alejandro Grove Apt. 245, Kaiserside, NJ 15240",beverly46@gmail.com,792.622.4009x92158
12,Krista Waller,"197 Bates Lane Suite 313, North Antonioport, SD 17629",lwells@washington-mosley.com,592.456.9729x68359
13,Mr. James Stewart,"0444 Murphy Creek, Gomezside, UT 76638",mbeck@price.org,699-323-5373x94765
14,Eric Lester,"USS Price, FPO AA 24534",stephanie87@hamilton.com,001-938-179-6149x63811
15,Ralph Johnson,"5588 Robert Locks, Rachelfort, ID 45729",kevin99@hall.com,001-009-156-6391x97613
16,Charles Garza,"1950 Malone Mountains Apt. 823, Atkinsview, MO 68544",cohenjared@mason.com,452-639-8357
17,Stacy Conrad,"65298 Oneal Throughway, West Troy, MO 79832",michaelnelson@hotmail.com,001-956-507-3111x144
18,Chad Mckinney,"68372 Cindy Lodge Apt. 502, Chaveztown, FL 94778",michelleruiz@hotmail.com,662.545.2974x871
19,Alyssa Gates,"46529 Sanchez Spur, Jenningsfurt, AL 42900",dnelson@may.org,+1-127-919-1642x844
20,Mark Rogers,"5254 Jeffery Valleys, New Alexandra, VT 32620",mariebrown@parker.info,030.364.1507x59155
21,Charles Garcia,"3794 Lauren Burgs Suite 913, Morriston, TN 96303",ybowen@lynch.biz,001-565-230-0134x104
22,Janet Barajas,"PSC 1387, Box 8226, APO AA 69766",austin32@porter.net,217.985.1662x86678
23,Gina Phillips,"323 Molina Square Apt. 862, Pachecomouth, VT 48499",michelle05@hall.org,(998)855-9719x7334
24,Timothy Dixon,"515 Bradshaw Fork, Rosalesside, CA 58467",kim76@spencer.com,538-115-0647x632
25,Travis Griffin,"332 Christian Mall, North Rubenside, IL 35400",elizabeth52@wilson.com,001-683-007-5764x283
26,Mark Costa,"139 Timothy Points Suite 668, West Misty, ND 90008",armstrongkathleen@yahoo.com,632-654-4104x7098
27,Carolyn Mcdowell,"315 Kelly Course Suite 084, Cassandrachester, FL 32176",danieloliver@burnett-rosales.com,133.712.5943
28,Jason Cabrera,"9399 Garcia Parks Apt. 185, East Elizabethmouth, KY 17370",clarktami@webb-mcintyre.com,001-090-275-5979
29,Randy Cook,"04477 Stone Land, Beardmouth, CT 59549",fwilson@morris.info,854-844-9422x4801
30,Becky Smith,"56599 Vicki Stravenue, Tranhaven, NY 40545",phillipsamber@miller.info,334.412.5409x159
31,Emily Martin,"071 Janet Circles, Mckenzieberg, NE 27222",joneskatie@erickson-brown.com,754.319.9887
32,Laura Calderon,"27199 David Junctions, Paulland, NH 11479",burgesskristen@yahoo.com,377.196.7230
33,Kayla Chang,"5969 Sarah Grove, West Johnstad, VT 19688",christophergood@bennett.info,294.704.9772
34,Katherine Carter,"657 Jordan Extension, Amandahaven, MD 64742",fosterlindsay@hotmail.com,(310)844-7901x9206
35,Emily Mcdaniel MD,"674 Molly Glens Apt. 438, Lake Andrea, KS 52140",sandra49@murphy.com,971-150-5157
36,Emily Leonard,"0573 Gina Union, Henrytown, KS 09879",joshuataylor@holland.biz,165.755.6932
37,Dalton Shelton,"58872 Hamilton Stream Apt. 042, Andreastad, NV 67003",tyler17@yahoo.com,001-011-068-0550
38,Jill Bautista,"851 Smith Plain, Daleborough, AK 56409",santosdaniel@waters.com,224-713-8264
39,Brian Ewing,"2809 Gonzalez Lane Suite 954, New Donnaview, WV 46194",john76@gmail.com,241.230.0913
40,Michael Farmer,"912 Sullivan Knoll Apt. 087, New Erinfurt, DC 15835",keithsharon@bowers-perez.com,(160)393-3022x21874
41,Lori Gonzalez,"2619 Andrea Lock, New Theresa, TX 88424",josepharnold@liu.com,5951506906
42,Tristan Cox,"8669 Kenneth Locks, Lake Crystal, AK 07067",elizabeth07@hotmail.com,798.175.2904x56395
43,Sabrina Vasquez,"63663 Tina Shoal Suite 423, Dannyfurt, VA 73095",angelamorrison@gmail.com,367.827.3438
44,Brittany Pena,"857 Angela Camp Suite 545, Martinezberg, MI 93821",jcarpenter@bridges.org,(684)627-7152
45,Jacqueline Mitchell,"13414 Padilla Streets Suite 180, West Edwardland, UT 98730",gabrielle33@atkinson-golden.com,746-157-7802x42058
46,William Gallegos,"25525 Wilson Land Suite 471, Wadeside, VA 50006",gina91@mayer.com,001-927-417-3890
47,Terry Cooper,"PSC 4940, Box 2213, APO AP 47455",anthonymartin@gmail.com,001-117-234-1905
48,Angela Sims,"45422 Daniel Forest Apt. 408, New David, AK 64348",dennis20@wiley-johnson.com,486.935.4697x64210
49,Luis Smith,"4764 Myers Gardens Suite 712, Ryanville, NV 91501",simpsonjulie@fisher-eaton.com,(112)028-5320x20128
50,Ms. Kimberly Mcmillan PhD,"6122 Keith Brooks, Lake Brandonchester, NY 74571",kenneth39@yahoo.com,(432)906-7629x805
51,Kelli Perez,"652 Phillips Roads Apt. 151, Mckenziestad, CT 99237",apreston@yahoo.com,557.681.3210x02613
52,Sarah Simmons,"Unit 9681 Box 8513, DPO AP 58501",zcross@hotmail.com,(817)032-4360
53,Ashley Anderson,"45101 Nichols Run Apt. 688, Wilcoxton, NJ 36946",melissanolan@tucker.com,001-044-107-3573
54,Jonathan Bryant,"0540 Mitchell Squares, East Davidfort, NY 68884",hawkinstara@conrad-barrett.com,013.188.2464x9686
55,Kimberly Stewart,"0088 Padilla Stravenue Apt. 231, Walterhaven, AK 26032",hcampbell@yahoo.com,(676)235-3081x60686
56,Alexandria Trujillo,"70792 Audrey Stravenue Suite 226, Port Adam, WY 02120",angelasmith@yahoo.com,885-659-2058x52281
57,Tiffany Cochran,"6591 Arthur Spurs, Dianaton, MO 87502",chaneygina@hotmail.com,(597)216-2369x5555
58,Debra Jackson,"115 Elaine Wells Suite 620, Leetown, ME 53699",davisalejandro@gmail.com,442-423-5038x858
59,Mindy Johnson,"334 Brown Skyway, Roberttown, OH 27324",ritaryan@yahoo.com,+1-275-304-2935
60,Angela Cameron,"548 Cynthia View Suite 914, New Austinport, GA 51264",davidingram@yahoo.com,707-859-7965
61,Beth Burns,"6585 Samantha Locks, Trevormouth, OH 03357",mariadavis@walker.com,(576)606-5903x82844
62,Joseph Good,"62466 Ricardo Trail Suite 122, Dodsonhaven, TN 86096",afrazier@hotmail.com,009-335-2741x81744
63,Barbara Murphy,"46780 Harris Coves, Jodyhaven, UT 90949",boothamber@simon-ritter.com,(611)901-0810
64,Paul Diaz,"53482 Johnson Lodge, North Gerald, UT 06716",monicaparks@gmail.com,(828)388-7136x2903
65,Collin Jackson,"273 Kimberly Square Suite 987, East Jamestown, IA 97936",hillwarren@yahoo.com,+1-328-531-3776x1222
66,Lisa Brooks,"9112 Ann View, Nguyenbury, NC 59253",wilsonadam@garner-martinez.com,9606419711
67,Roger Lane,"02023 Julia Forges Apt. 405, North Anthony, OK 28853",gibsontracy@hotmail.com,0445337963
68,Dawn Fields,"9291 Thompson Fields Suite 646, Robleschester, TN 57994",christinasmith@hotmail.com,520-256-9252
69,Catherine Clark,"8146 Shelton Flats Apt. 001, Moonmouth, MO 10637",harperchristopher@yahoo.com,001-997-395-5347x32410
70,Patricia Rhodes,"297 Lawrence Court Apt. 096, South Brian, LA 09533",angela13@ford-rodriguez.com,(072)819-7402x522
71,Nicole Long,"795 Smith Ridges Suite 885, Moorefort, MN 14595",jennasimpson@nicholson.com,143-002-0266
72,Ernest Jacobs,"57399 Sutton Drive Apt. 377, West Vanessa, MT 03685",xweaver@yahoo.com,2783475296
73,Annette Mills,"96892 Rachel Keys, Robertberg, MD 70322",pmorris@mccarty.com,+1-266-664-7461x7293
74,Hunter Thomas,"659 Brian Junctions, Lake Graceview, NC 25620",douglas19@hotmail.com,263.249.3365
75,Christina Booth,"8061 Thomas Loop, Smithville, DE 22674",branchcraig@greer-byrd.com,0372253886
76,Ryan Craig,"856 Mathews Coves Apt. 132, Oliviaton, ME 67129",daughertykenneth@hotmail.com,+1-537-181-3484
77,Bruce Johnson,"656 Paul Ford Apt. 800, Rojaston, VA 56612",walter61@yahoo.com,(381)881-2532
78,George Thompson,"554 Hunt Manor Suite 544, Marshallport, GA 47128",muellermichael@morrow.com,(911)162-1363
79,Warren Walker,"3030 Steven Ville, East Jennifer, ID 85173",kerrchelsea@bryant.biz,+1-773-047-1048x95515
80,Cole Carter,"4126 Morton Ports, Port Michaelbury, IL 58964",halehayley@white-wilson.com,(312)920-9595x209
81,Shannon Miller,"90384 Teresa Overpass Apt. 797, Carterburgh, OR 24328",richardthomas@potter.org,(221)092-3992x83741
82,Christine Cummings,"064 Gonzalez Glens Suite 077, Mariatown, CO 32967",francosteven@edwards.com,365-665-3551x580
83,Thomas Lowery,"970 Jerry Manors Suite 574, Montoyahaven, OK 71271",brandon92@leblanc-martin.com,+1-026-696-6218
84,Danielle Wright,"PSC 3208, Box 1026, APO AE 44528",connorgray@hotmail.com,364.262.3210
85,Maria Smith,"71509 Tina Inlet, East David, NM 18971",victoria48@hotmail.com,001-536-916-5708
86,Steven Horton,"7962 Harold Cliffs, Welchville, DC 64306",hernandezmatthew@yahoo.com,980.141.0778x1855
87,Juan Berry,"648 Floyd Mountains Suite 916, Port Jimside, MD 93094",georgegail@crawford.com,+1-336-559-5289x15431
88,Jillian Sullivan,"8259 Joseph Summit Apt. 734, Donaldburgh, AK 30673",amymiller@miller-trujillo.com,001-863-403-4949x103
89,Sylvia Petty,"266 Dennis Mountain Apt. 253, North Rachelmouth, MO 35710",zlopez@wade.com,8298164929
90,Kevin Walker,"Unit 3306 Box 5528, DPO AP 13753",oedwards@gmail.com,867-711-1506
91,Daniel Vazquez,"434 Allen Rest Suite 686, South Andreatown, WV 35862",tflores@yahoo.com,825.206.3983x684
92,Kimberly Jacobs,"938 Donna Manor, East Timothychester, WI 62750",david17@watson.com,5621689338
93,Rachel Ferguson,"72633 Emily Squares, Port Gabrieltown, WI 66746",michael04@yahoo.com,421.367.0416
94,Edgar Johnston,"943 Luke Club, Mannton, KY 83021",william76@gmail.com,520.474.9334x552
95,Emily West,"148 Morton Bridge Suite 591, Reedberg, GA 24110",henrykelly@sandoval-weber.org,+1-450-148-2899x079
96,Elizabeth Murray,"83374 Aguilar Springs, Lake Jameschester, NV 38587",davenportkristen@hotmail.com,001-308-862-1331x540
97,Kurt Owens,"0597 Howe Tunnel Suite 883, East Alyssa, WY 95370",banksaaron@yahoo.com,9575102592
98,Todd Vega,"986 Le Forest, Jeremyland, UT 45901",morenojose@cooke-becker.com,019-634-0595x49029
99,Anthony Gallegos,"32430 Jon Row, West Jessica, MI 79927",richard74@hayes.com,+1-698-699-4549x350
100,Kyle Bradley,"440 Daniel Manor Suite 540, South Johnstad, NH 75504",michaelbeltran@jones-tucker.org,(415)521-5760
